{"shared_office365":"ac0fca3a-ec38-4fd2-a98e-859ded58bd31","shared_commondataserviceforapps":"6476ff0d-f19c-4eaf-b4f7-3f68e122bade","shared_excelonlinebusiness":"d758dbbf-b23b-401d-97c5-8a096c2fa56e","shared_sharepointonline":"43656a91-17c7-463e-8380-efcee524d701","shared_onedriveforbusiness":"c7d05db0-73ca-4f80-9de5-91776d63c05c","shared_office365users":"5ac2bdc8-43f9-4439-b560-c42e9cdabf08","shared_approvals":"ef1972ea-e72a-4d25-95f5-5b07ba3d611f","shared_smart-20it-20bill-20create-20api-5fd45cdaffbbd8-74bf087060326842":"d47e0bc0-c1b6-4b09-8f84-8e4244256a37","shared_smart-20it-20-2d-20fetch-20vendor-5fd45cdaffbbd-48263a9a40b7e4e3":"4647aaa3-795c-4c0f-969e-d5b931334d15","shared_smart-20it-20-2d-20fetch-20customer-5fd45cdaffb-71cf5b94eed5e281":"98cffd68-7ac2-4746-a7c0-7af308342b87","shared_smart-20it-20-2d-20fetch-20expense-5fd45cdaffbb-9d4e983a150a06ca":"63209e14-05f6-4d85-83dd-40ba3df2ed82"}