{"name":"17e76f61-b563-4505-855e-698e2758e8d7","id":"/providers/Microsoft.Flow/flows/17e76f61-b563-4505-855e-698e2758e8d7","type":"Microsoft.Flow/flows","properties":{"apiId":"/providers/Microsoft.PowerApps/apis/shared_logicflows","displayName":"Smart IT - Accounts Automation BOT","definition":{"metadata":{"workflowEntityId":null,"processAdvisorMetadata":null,"flowChargedByPaygo":null,"flowclientsuspensionreason":"None","flowclientsuspensiontime":null,"flowclientsuspensionreasondetails":null,"creator":{"id":"da968774-9c11-403a-b665-37605f3cf871","type":"User","tenantId":"e93a06a5-b7dd-4468-8c52-507df111e55d"},"provisioningMethod":"FromDefinition","failureAlertSubscription":true,"clientLastModifiedTime":"2025-05-26T17:17:49.9291691Z","connectionKeySavedTimeKey":"2025-05-26T17:17:49.9291691Z","creationSource":null,"modifiedSources":"Portal"},"$schema":"https://schema.management.azure.com/providers/Microsoft.Logic/schemas/2016-06-01/workflowdefinition.json#","contentVersion":"1.0.0.0","parameters":{"$authentication":{"defaultValue":{},"type":"SecureObject"},"$connections":{"defaultValue":{},"type":"Object"}},"triggers":{"When_a_new_email_arrives_(V3)":{"splitOn":"@triggerOutputs()?['body/value']","metadata":{"Id::AAMkADBhNDk5ZjY4LTUzYWItNGY5OS04NmFmLTNkYjIxOTM5OWNlMwAuAAAAAAA5yhSHdEjDR4QmbdpyKJiWAQBto2ONW5V8TYfCDuOZ9hHEAAAKfE-yAAA=":"10Web","Id::AAMkADBhNDk5ZjY4LTUzYWItNGY5OS04NmFmLTNkYjIxOTM5OWNlMwAuAAAAAAA5yhSHdEjDR4QmbdpyKJiWAQBto2ONW5V8TYfCDuOZ9hHEAAAAAAEMAAA=":"Inbox"},"type":"OpenApiConnectionNotification","inputs":{"parameters":{"includeAttachments":true,"subjectFilter":"Invoice Data for Accounts","fetchOnlyWithAttachment":true,"folderPath":"Id::AAMkADBhNDk5ZjY4LTUzYWItNGY5OS04NmFmLTNkYjIxOTM5OWNlMwAuAAAAAAA5yhSHdEjDR4QmbdpyKJiWAQBto2ONW5V8TYfCDuOZ9hHEAAAAAAEMAAA="},"host":{"apiId":"/providers/Microsoft.PowerApps/apis/shared_office365","connectionName":"shared_office365","operationId":"OnNewEmailV3"},"authentication":"@parameters('$authentication')"}}},"actions":{"Invoice_Type_-_pdf":{"runAfter":{},"type":"InitializeVariable","inputs":{"variables":[{"name":"PDF","type":"string","value":"application/pdf"}]}},"Invoice_Type_-_excel":{"runAfter":{"Invoice_Type_-_pdf":["Succeeded"]},"type":"InitializeVariable","inputs":{"variables":[{"name":"Excel","type":"string","value":"application/vnd.openxmlformats-officedocument.spreadsheetml.sheet"}]}},"Init_-_Candidate_Name":{"runAfter":{"Check_-_Candidate_Name":["Succeeded"]},"type":"InitializeVariable","inputs":{"variables":[{"name":"candidateName","type":"string"}]}},"Init_-_Vendor_Name":{"runAfter":{"Check_-_Vendor_Name":["Succeeded"]},"type":"InitializeVariable","inputs":{"variables":[{"name":"vendorName","type":"string"}]}},"Init_-_Received_At":{"runAfter":{"Invoice_Type_-_excel":["Succeeded"]},"type":"InitializeVariable","inputs":{"variables":[{"name":"invoiceReceivedAt","type":"string","value":"@slice(triggerOutputs()?['body/receivedDateTime'], 0, 10)"}]}},"Init_-_Sender_Name":{"runAfter":{"Init_-_Received_At":["Succeeded"]},"type":"InitializeVariable","inputs":{"variables":[{"name":"invoiceSenderName","type":"string","value":"@triggerOutputs()?['body/from']"}]}},"Init_-_Sender_Email":{"runAfter":{"Init_-_Sender_Name":["Succeeded"]},"type":"InitializeVariable","inputs":{"variables":[{"name":"invoiceSenderEmail","type":"string","value":"@triggerOutputs()?['body/from']"}]}},"Check_-_Candidate_Name":{"runAfter":{"Init_-_Invoice_File_Name":["Succeeded"]},"type":"InitializeVariable","inputs":{"variables":[{"name":"checkCandidateName","type":"boolean","value":false}]}},"Check_-_Vendor_Name":{"runAfter":{"Init_-_Candidate_Description":["Succeeded"]},"type":"InitializeVariable","inputs":{"variables":[{"name":"checkVendorName","type":"boolean","value":false}]}},"Init_-_Pay_Term":{"runAfter":{"Check_-_Pay_Term":["Succeeded"]},"type":"InitializeVariable","inputs":{"variables":[{"name":"paymentTerm","type":"string"}]}},"Check_-_Pay_Term":{"runAfter":{"Init_-_Vendor_Name":["Succeeded"]},"type":"InitializeVariable","inputs":{"variables":[{"name":"checkPaymentTerm","type":"boolean","value":false}]}},"Check_-_Pay_Rate":{"runAfter":{"Init_-_Pay_Term":["Succeeded"]},"type":"InitializeVariable","inputs":{"variables":[{"name":"checkPayRate","type":"boolean","value":false}]}},"Init_-_Pay_Rate":{"runAfter":{"Check_-_Pay_Rate":["Succeeded"]},"type":"InitializeVariable","inputs":{"variables":[{"name":"payRate","type":"float"}]}},"Loop_-_Attachments":{"foreach":"@triggerOutputs()?['body/attachments']","actions":{"Condition_-_Check_whether_the_mail_has_attachments":{"actions":{"Switch":{"cases":{"Case_-_pdf":{"case":"application/pdf","actions":{"Extract_information_from_invoices":{"runAfter":{"Create_file":["Succeeded"]},"metadata":{"flowSystemMetadata":{"portalOperationId":"aibuilderpredict_invoiceprocessingpretrained","portalOperationGroup":"aibuilder","portalOperationApiDisplayNameOverride":"AI Builder","portalOperationIconOverride":"https://content.powerapps.com/resource/makerx/static/pauto/images/designeroperations/aiBuilderNew.51dbdb6b.png","portalOperationBrandColorOverride":"#0A76C4","portalOperationApiTierOverride":"Standard"}},"type":"OpenApiConnection","inputs":{"parameters":{"item/requestv2/base64Encoded":"@item()?['contentBytes']","recordId":"5ed4d0fd-e9d4-4026-b09b-71f83ea90c60"},"host":{"apiId":"/providers/Microsoft.PowerApps/apis/shared_commondataserviceforapps","connectionName":"shared_commondataserviceforapps","operationId":"aibuilderpredict_invoiceprocessingpretrained"},"authentication":"@parameters('$authentication')"}},"Condition_-_Vendor_name_check":{"runAfter":{"Extract_information_from_invoices":["Succeeded"]},"type":"Compose","inputs":"@if(empty(outputs('Extract_information_from_invoices')?['body/responsev2/predictionOutput/result/fields/vendorAddressRecipient/valueText']), if(empty(outputs('Extract_information_from_invoices')?['body/responsev2/predictionOutput/result/fields/vendorName/valueText']), outputs('Extract_information_from_invoices')?['body/responsev2/predictionOutput/result/fields/remittanceAddressRecipient/valueText'], outputs('Extract_information_from_invoices')?['body/responsev2/predictionOutput/result/fields/vendorName/valueText']), outputs('Extract_information_from_invoices')?['body/responsev2/predictionOutput/result/fields/vendorAddressRecipient/valueText'])"},"Value_assigned_for_Vendor_Name":{"runAfter":{"Condition_-_Vendor_name_check":["Succeeded"]},"type":"SetVariable","inputs":{"name":"vendorName","value":"@outputs('Condition_-_Vendor_name_check')"}},"Invoice_File_Name":{"runAfter":{"Value_assigned_for_Vendor_Name":["Succeeded"]},"type":"Compose","inputs":"@item()?['name']"},"Value_assigned_for_Invoice_File_Name":{"runAfter":{"Value_assigned_for_Vendor_Name":["Succeeded"]},"type":"SetVariable","inputs":{"name":"invoiceFileName","value":"@item()?['name']"}},"Getting_candidate_data_from_PO":{"runAfter":{"Invoice_File_Name":["Succeeded"]},"metadata":{"01Q744QAH2GBQXO3ZDXRCZIWVQD24QH5ZE":"/Smart IT - Sample Invoice and PO/Backup Invoice Vendor Details.xlsx","tableId":"{00000000-000C-0000-FFFF-FFFF00000000}","01Q744QAFJ6TCUBXHHJBGYAVKLI6WAAEMU":"/Smart IT - Sample Invoice and PO/Backup Invoice Vendor Details.xlsx","01Q744QAFB5JC3LNVXKFEJFQ6CLY5VKM4B":"/SmartIT - Excel Invoice/Backup Invoice Vendor Details-1.xlsx","01Q744QAF7A2GJZRW54FCIZF6JNUUTP46U":"/SmartIT - Excel Invoice/Quick-Book-PO-Data.xlsx"},"type":"OpenApiConnection","inputs":{"parameters":{"source":"me","drive":"b!gq5xKstTfEyHy5H3jmOzJkZzyvCD0N1Lsszgc2SX2wDO3QJYm-OIRbBJ8mGldm3v","file":"01Q744QAF7A2GJZRW54FCIZF6JNUUTP46U","table":"{00000000-000C-0000-FFFF-FFFF00000000}"},"host":{"apiId":"/providers/Microsoft.PowerApps/apis/shared_excelonlinebusiness","connectionName":"shared_excelonlinebusiness","operationId":"GetItems"},"authentication":"@parameters('$authentication')"}},"Filter_array_-_Candidate_Data":{"runAfter":{"Getting_candidate_data_from_PO":["Succeeded"]},"type":"Query","inputs":{"from":"@outputs('Getting_candidate_data_from_PO')?['body/value']","where":"@equals(toLower(item()?['Vendor Name']),toLower(variables('vendorName')))"}},"Apply_to_each":{"foreach":"@outputs('Extract_information_from_invoices')?['body/responsev2/predictionOutput/result/items']","actions":{"Create_item":{"type":"OpenApiConnection","inputs":{"parameters":{"dataset":"https://smartif-my.sharepoint.com/personal/gobi_smartitframe_com","table":"cb95247a-fa46-490b-bf1a-d794e5a6078a","item/Title":"@variables('invoiceFileName')","item/InvoiceID":"@outputs('Extract_information_from_invoices')?['body/responsev2/predictionOutput/result/fields/invoiceId/valueText']","item/VendorID":"@outputs('Extract_information_from_invoices')?['body/responsev2/predictionOutput/result/fields/customerId/valueText']","item/VendorName":"@variables('vendorName')","item/InvoiceDate":"@variables('invoiceReceivedAt')","item/DueDate":"@outputs('Extract_information_from_invoices')?['body/responsev2/predictionOutput/result/fields/dueDate/valueDate']","item/PaymentTerms":"@variables('paymentTerm')","item/PayRate":"@item()?['fields/unitPrice/valueNumber']","item/Quantity":"@item()?['fields/quantity/valueNumber']","item/InvoiceTotal":"@if(empty(outputs('Extract_information_from_invoices')?['body/responsev2/predictionOutput/result/fields/invoiceTotal/valueText']), outputs('Extract_information_from_invoices')?['body/responsev2/predictionOutput/result/fields/subTotal/valueText'], outputs('Extract_information_from_invoices')?['body/responsev2/predictionOutput/result/fields/invoiceTotal/valueText'])","item/InvoiceReceived":"@variables('invoiceReceivedAt')","item/ReceivedFrom":"@variables('invoiceSenderName')","item/ReceiverEmail":"@variables('invoiceSenderEmail')"},"host":{"apiId":"/providers/Microsoft.PowerApps/apis/shared_sharepointonline","connectionName":"shared_sharepointonline","operationId":"PostItem"},"authentication":"@parameters('$authentication')"}},"Value_assigned_for_Pay_Rate":{"runAfter":{"Final_Description_Value":["Succeeded"]},"type":"SetVariable","inputs":{"name":"payRate","value":"@float(item()?['fields/unitPrice/valueNumber'])"}},"Value_assigned_for_Candidate_Name":{"runAfter":{"Value_assigned_for_Pay_Rate":["Succeeded"]},"type":"SetVariable","inputs":{"name":"candidateName","value":"@trim(toLower(outputs('Final_Description_Value')))"}},"Value_assigned_for_Candidate_Description":{"runAfter":{"Value_assigned_for_Candidate_Name":["Succeeded"]},"type":"SetVariable","inputs":{"name":"candidateDescription","value":"@outputs('Final_Description_Value')"}},"Value_assigned_for_Pay_Rate_From_Invoice":{"runAfter":{"Value_assigned_for_Candidate_Description":["Succeeded"]},"type":"SetVariable","inputs":{"name":"rateFromInvoice","value":"@item()?['fields/unitPrice/valueNumber']"}},"Value_assigned_for_Hours_from_Invoice":{"runAfter":{"Value_assigned_for_Pay_Rate_From_Invoice":["Succeeded"]},"type":"SetVariable","inputs":{"name":"hoursFromInvoice","value":"@item()?['fields/quantity/valueNumber']"}},"Getting_Row_values_from_Description":{"runAfter":{"Create_item":["Succeeded"]},"type":"Compose","inputs":"@outputs('Extract_information_from_invoices')?['body/responsev2/predictionOutput/result/items']"},"Final_Description_Value":{"runAfter":{"Getting_Row_values_from_Description":["Succeeded"]},"type":"Compose","inputs":"@if( empty(items('Apply_to_each')?['fields/description']), outputs('Getting_Row_values_from_Description')?[0]?['rowText'], items('Apply_to_each')?['fields/description/valueText'] )"}},"runAfter":{"Value_assigned_for_Invoice_File_Name":["Succeeded"]},"type":"Foreach","description":"This loop and action is only used for retrieving and storing invoice data into Microsoft Lists. "},"Create_file":{"type":"OpenApiConnection","inputs":{"parameters":{"folderPath":"@outputs('Unprocessed_Invoice_Drive_URL')","name":"@item()?['name']","body":"@item()?['contentBytes']"},"host":{"apiId":"/providers/Microsoft.PowerApps/apis/shared_onedriveforbusiness","connectionName":"shared_onedriveforbusiness","operationId":"CreateFile"},"authentication":"@parameters('$authentication')"},"runtimeConfiguration":{"contentTransfer":{"transferMode":"Chunked"}}},"Condition":{"actions":{"Condition_-_Vendor_Name":{"type":"Compose","inputs":"Send Mail - Vendor Name is Mismatched!!\n\nExcel Vendor Name - @{toLower(item()?['Vendor Name'])}\nVariable Vendor Name - @{toLower(variables('vendorName'))}"}},"runAfter":{"Filter_array_-_Candidate_Data":["Succeeded"]},"else":{"actions":{"Loop_-_Candidate_Filter_Array":{"foreach":"@body('Filter_array_-_Candidate_Data')","actions":{"Split_Candidate_Name_in_PO":{"type":"Compose","inputs":"@split(items('Loop_-_Candidate_Filter_Array')?['Name'], ',')"},"Final_Candidate_Name":{"runAfter":{"Split_Candidate_Name_in_PO":["Succeeded"]},"type":"Compose","inputs":"@trim(toLower(concat(outputs('Split_Candidate_Name_in_PO')[1],' ',outputs('Split_Candidate_Name_in_PO')[0])))"},"Check_-_Candidate_Name_Present_in_the_PO":{"runAfter":{"Final_Candidate_Name":["Succeeded"]},"type":"Compose","inputs":"@contains(variables('candidateName'),outputs('Final_Candidate_Name'))"},"Value_assigned_for_Candidate_Full_Name":{"runAfter":{"Final_Candidate_Name":["Succeeded"]},"type":"SetVariable","inputs":{"name":"candidateFullName","value":"@outputs('Final_Candidate_Name')"}},"Condition_-_Candidate_Name_Check":{"actions":{"Candidate_Name_Status":{"type":"SetVariable","inputs":{"name":"checkCandidateName","value":true}},"Get_a_row_of_Candidate_PO":{"runAfter":{"Candidate_Name_Status":["Succeeded"]},"metadata":{"01Q744QAFB5JC3LNVXKFEJFQ6CLY5VKM4B":"/SmartIT - Excel Invoice/Backup Invoice Vendor Details-1.xlsx","tableId":"{00000000-000C-0000-FFFF-FFFF00000000}","01Q744QAF7A2GJZRW54FCIZF6JNUUTP46U":"/SmartIT - Excel Invoice/Quick-Book-PO-Data.xlsx"},"type":"OpenApiConnection","inputs":{"parameters":{"source":"me","drive":"b!gq5xKstTfEyHy5H3jmOzJkZzyvCD0N1Lsszgc2SX2wDO3QJYm-OIRbBJ8mGldm3v","file":"01Q744QAF7A2GJZRW54FCIZF6JNUUTP46U","table":"{00000000-000C-0000-FFFF-FFFF00000000}","idColumn":"Name","id":"@items('Loop_-_Candidate_Filter_Array')?['Name']"},"host":{"apiId":"/providers/Microsoft.PowerApps/apis/shared_excelonlinebusiness","connectionName":"shared_excelonlinebusiness","operationId":"GetItem"},"authentication":"@parameters('$authentication')"}},"Condition_-_Candidate_Name_Present_in_PO":{"actions":{"Value_assigned_for_Hours_In_Po":{"type":"SetVariable","inputs":{"name":"hoursInPO","value":"@float(outputs('Get_a_row_of_Candidate_PO')?['body/Bill Hrs'])"}},"Value_assigned_for_Pay_Rate_In_Po":{"type":"SetVariable","inputs":{"name":"rateInPO","value":"@float(outputs('Get_a_row_of_Candidate_PO')?['body/Pay Rate'])"}},"Value_assigned_for_Payment_Term_In_PO":{"type":"SetVariable","inputs":{"name":"paymentTermInPO","value":"@float(outputs('Get_a_row_of_Candidate_PO')?['body/Net term'])"}},"Condition_-_Check_Payment_Term_Empty":{"runAfter":{"Value_assigned_for_Payment_Term_In_PO":["Succeeded"]},"type":"Compose","inputs":"@empty(outputs('Get_a_row_of_Candidate_PO')?['body/Net term'])"},"Condition_-_Payment_Term_Empty_Check":{"actions":{"Payment_Term_Status_1":{"type":"SetVariable","inputs":{"name":"checkPaymentTerm","value":true}},"Set_variable_1":{"runAfter":{"Payment_Term_Status_1":["Succeeded"]},"type":"SetVariable","inputs":{"name":"paymentTerm","value":"@string(outputs('Get_a_row_of_Candidate_PO')?['body/Net term'])"}}},"runAfter":{"Condition_-_Check_Payment_Term_Empty":["Succeeded"]},"else":{"actions":{"Set_variable-copy_2":{"type":"SetVariable","inputs":{"name":"checkPaymentTerm","value":false}},"Debug_-_payment_term_1":{"runAfter":{"Set_variable-copy_2":["Succeeded"]},"type":"Compose","inputs":"Value is - @{variables('paymentTermInPO')}"}}},"expression":{"and":[{"not":{"equals":["@outputs('Condition_-_Check_Payment_Term_Empty')",true]}}]},"type":"If"},"Value_assigned_for_Total_Amount_In_PO":{"runAfter":{"Validation_for_Total_Value":["Succeeded"]},"type":"SetVariable","inputs":{"name":"totalAmount","value":"@float(outputs('Validation_for_Total_Value'))"}},"Validation_for_Total_Value":{"type":"Compose","inputs":"@if(contains(outputs('Get_a_row_of_Candidate_PO')?['body/Total Amount'],'$'), replace(outputs('Get_a_row_of_Candidate_PO')?['body/Total Amount'], '$', ''), outputs('Get_a_row_of_Candidate_PO')?['body/Total Amount'])"},"Value_assigned_for_Client_Name":{"type":"SetVariable","inputs":{"name":"ClientName","value":"@outputs('Get_a_row_of_Candidate_PO')?['body/CLIENT']"}},"Value_assigned_for_Bill_Number":{"type":"SetVariable","inputs":{"name":"BillNo","value":"@outputs('Get_a_row_of_Candidate_PO')?['body/BILL NO_x002e_']"}},"Value_assigned_for_MonthYear":{"type":"SetVariable","inputs":{"name":"MonthlyYear","value":"@outputs('Get_a_row_of_Candidate_PO')?['body/MONTH-YY']"}},"Value_assigned_for_Customer_Name_from_PO":{"type":"SetVariable","inputs":{"name":"CustomerName","value":"@outputs('Get_a_row_of_Candidate_PO')?['body/CLIENT']"}},"Value_assigned_for_Due_Date":{"runAfter":{"Calculation_for_Due_Date":["Succeeded"]},"type":"SetVariable","inputs":{"name":"DueDate","value":"@slice(outputs('Calculation_for_Due_Date'), 0, 10)"}},"Calculation_for_Due_Date":{"runAfter":{"Condition_-_Payment_Term_Empty_Check":["Succeeded"]},"type":"Compose","inputs":"@addDays(variables('invoiceReceivedAt'),int(variables('paymentTerm')))"},"Condition_for_Hours":{"runAfter":{"Value_assigned_for_Hours_In_Po":["Succeeded"]},"type":"Compose","inputs":"@equals(variables('hoursFromInvoice'), variables('hoursInPO'))"},"Condition_for_Pay_Rate":{"runAfter":{"Value_assigned_for_Pay_Rate_In_Po":["Succeeded"]},"type":"Compose","inputs":"@equals(variables('rateInPO'),variables('rateFromInvoice'))"},"Condition_-_Check_Hours_Empty":{"runAfter":{"Value_assigned_for_Hours_In_Po":["Succeeded"]},"type":"Compose","inputs":"@empty(outputs('Get_a_row_of_Candidate_PO')?['body/Bill Hrs'])"},"Condition_-_Hours_Empty_Check":{"actions":{"Set_variable_2":{"type":"SetVariable","inputs":{"name":"hoursInPO","value":"@float(outputs('Get_a_row_of_Candidate_PO')?['body/Bill Hrs'])"}}},"runAfter":{"Condition_-_Check_Hours_Empty":["Succeeded"]},"else":{"actions":{"Set_variable_1-copy_2":{"type":"SetVariable","inputs":{"name":"hoursInPO","value":0}},"Debug_-_pay_rate_2":{"runAfter":{"Set_variable_1-copy_2":["Succeeded"]},"type":"Compose","inputs":"Value is - @{variables('hoursInPO')}"}}},"expression":{"and":[{"not":{"equals":["@outputs('Condition_-_Check_Hours_Empty')",true]}}]},"type":"If"},"Condition_-_Hours":{"actions":{"Hours_Error":{"type":"Compose","inputs":"Will sent the error mail with Hours Mismatched!!"}},"runAfter":{"Condition_for_Hours":["Succeeded"]},"else":{"actions":{"Append_to_array_variable_-_Hours":{"type":"AppendToArrayVariable","inputs":{"name":"Errors","value":"[\n   'key' => 'hrs-error',\n   'error' => 'Value mismatch in Hours'\n]"}}}},"expression":{"and":[{"equals":["@outputs('Condition_for_Hours')",1]}]},"type":"If"},"Condition_-_Check_Pay_Rate_Empty":{"runAfter":{"Value_assigned_for_Pay_Rate_In_Po":["Succeeded"]},"type":"Compose","inputs":"@empty(outputs('Get_a_row_of_Candidate_PO')?['body/Pay Rate'])"},"Condition_-_Pay_Rate_Empty_Check":{"actions":{"Pay_Rate_Status_1":{"type":"SetVariable","inputs":{"name":"checkPayRate","value":true}},"Set_variable":{"runAfter":{"Pay_Rate_Status_1":["Succeeded"]},"type":"SetVariable","inputs":{"name":"payRate","value":"@float(outputs('Get_a_row_of_Candidate_PO')?['body/Pay Rate'])"}}},"runAfter":{"Condition_-_Check_Pay_Rate_Empty":["Succeeded"]},"else":{"actions":{"Set_variable_1-copy_1":{"type":"SetVariable","inputs":{"name":"checkPayRate","value":false}},"Debug_-_pay_rate_1":{"runAfter":{"Set_variable_1-copy_1":["Succeeded"]},"type":"Compose","inputs":"Value is - @{variables('rateInPO')}"}}},"expression":{"and":[{"not":{"equals":["@outputs('Condition_-_Check_Pay_Rate_Empty')",true]}}]},"type":"If"},"Condition_-_Pay_Rate":{"actions":{"Pay_Rate_Error":{"type":"Compose","inputs":"Will sent the error mail with Pay Rate Mismatched!!"}},"runAfter":{"Condition_for_Pay_Rate":["Succeeded"]},"else":{"actions":{"Append_to_array_variable_-_Pay_Rate":{"type":"AppendToArrayVariable","inputs":{"name":"Errors","value":"[\n   'key' => 'rate-error',\n   'error' => 'Value mismatch in Pay Rate'\n]"}}}},"expression":{"and":[{"equals":["@outputs('Condition_for_Pay_Rate')",1]}]},"type":"If"},"Total_amount_from_Invoice":{"runAfter":{"Validation_for_Total_Value":["Succeeded"]},"type":"Compose","inputs":"@float(outputs('Extract_information_from_invoices')?['body/responsev2/predictionOutput/result/fields/invoiceTotal/valueNumber'])"},"Condition_-_Total_Amount":{"actions":{"Total_Amount_Error":{"type":"Compose","inputs":"Will sent the error mail with Total Amount Mismatched!!"}},"runAfter":{"Total_amount_from_Invoice":["Succeeded"]},"else":{"actions":{"Append_to_array_variable_-_Total_Amount":{"type":"AppendToArrayVariable","inputs":{"name":"Errors","value":"[\n   'key' => 'total-error',\n   'error' => 'Value mismatch in Total Amount'\n]"}}}},"expression":{"and":[{"equals":["@variables('totalAmount')","@outputs('Total_amount_from_Invoice')"]}]},"type":"If"},"Value_assigned_for_Invoice_Link":{"type":"SetVariable","inputs":{"name":"InvoiceLink","value":"@outputs('Get_a_row_of_Candidate_PO')?['body/Link']"}}},"runAfter":{"Get_a_row_of_Candidate_PO":["Succeeded"]},"else":{"actions":{}},"expression":{"and":[{"equals":["@variables('checkCandidateName')",true]}]},"type":"If"}},"runAfter":{"Compose_3":["Succeeded"]},"else":{"actions":{"Set_variable-copy":{"type":"SetVariable","inputs":{"name":"checkCandidateName","value":false}},"Debug_-_candidate_name":{"runAfter":{"Set_variable-copy":["Succeeded"]},"type":"Compose","inputs":"Variable - @{variables('candidateName')}\nExcel Value - @{items('Loop_-_Candidate_Filter_Array')?['Name']}\nConcatenate - @{outputs('Final_Candidate_Name')}"},"Candidate_Name_Error":{"runAfter":{"Debug_-_candidate_name":["Succeeded"]},"type":"Compose","inputs":"Will sent the error mail with Candidate Name Issue"}}},"expression":{"and":[{"contains":["@variables('candidateName')","@outputs('Final_Candidate_Name')"]}]},"type":"If"},"Compose_3":{"runAfter":{"Check_-_Candidate_Name_Present_in_the_PO":["Succeeded"]},"type":"Compose","inputs":"@greaterOrEquals(indexOf(variables('candidateName'), outputs('Final_Candidate_Name')), 0)"},"Set_-_Candidate_Name_from_PO":{"type":"SetVariable","inputs":{"name":"candidateFullNameFromPO","value":"@items('Loop_-_Candidate_Filter_Array')?['Name']"}}},"type":"Foreach"},"Condition_-_Final_Check":{"actions":{"Get_my_profile_(V2)":{"type":"OpenApiConnection","inputs":{"host":{"apiId":"/providers/Microsoft.PowerApps/apis/shared_office365users","connectionName":"shared_office365users","operationId":"MyProfile_V2"},"authentication":"@parameters('$authentication')"}},"Create_HTML_table":{"runAfter":{"Get_my_profile_(V2)":["Succeeded"]},"type":"Table","inputs":{"from":"@outputs('Extract_information_from_invoices')?['body/responsev2/predictionOutput/result/items']","format":"HTML","columns":[{"header":"Candidate Name","value":"@variables('candidateFullNameFromPO')"},{"header":"Vendor Name","value":"@variables('vendorName')"},{"header":"Hours in invoice","value":"@variables('hoursFromInvoice')"},{"header":"Rate in invoice","value":"@variables('rateFromInvoice')"},{"header":"Hours in PO","value":"@variables('hoursInPO')"},{"header":"Rate in PO","value":"@variables('rateInPO')"},{"header":"Payment Term in PO","value":"@variables('paymentTermInPO')"},{"header":"Insurance Validity","value":"Yes"},{"header":"Work Authorization","value":"Yes"},{"header":"Invoice Name","value":"@variables('invoiceFileName')"}]}},"Data_in_Table_Format":{"runAfter":{"Create_HTML_table":["Succeeded"]},"type":"Compose","inputs":"<style>\ntable {\n  font-family: Arial, Helvetica, sans-serif;\n  border-collapse: collapse;\n  width: 100%;\n}\ntable td, table th {\n  border: 1px solid #ddd;\n  padding: 8px;\n}\ntable tr:nth-child(even){background-color: #f2f2f2;}\ntable tr:hover {background-color: #ddd;}\ntable th {\n  padding-top: 12px;\n  padding-bottom: 12px;\n  text-align: left;\n  background-color: #097fb7;\n  color: white;\n}\n</style>\n\n@{body('Create_HTML_table')}"},"Table_for_Approval_Data":{"runAfter":{"Handling_Error_Array_Variable":["Succeeded"]},"type":"Compose","inputs":"| Candidate Name | Vendor Name | Hours in invoice | Rate in invoice | Hours in PO | Rate in PO | Payment Term in PO | Insurance Validity | Work Authorization | Invoice File Name |\n|------------------------|---------------------|-----------|----------|------------|--------------|------------|---------------|-------------|------------------------|\n| @{variables('candidateFullNameFromPO')} | @{variables('vendorName')} | @{variables('hoursFromInvoice')} | @{variables('rateFromInvoice')} | @{variables('hoursInPO')} | @{variables('rateInPO')} | @{variables('paymentTermInPO')} | Yes | Yes | @{variables('invoiceFileName')} |"},"Create_an_approval":{"runAfter":{"Table_for_Approval_Data":["Succeeded"]},"type":"OpenApiConnection","inputs":{"parameters":{"approvalType":"Basic","ApprovalCreationInput/title":"Approval request for Smart IT Invoice","ApprovalCreationInput/assignedTo":"gobi@smartitframe.com","ApprovalCreationInput/details":"Hi.,\n\nThe invoice '@{variables('invoiceFileName')}' is submitted for an Approval from '@{outputs('Get_my_profile_(V2)')?['body/displayName']}' and email '@{outputs('Get_my_profile_(V2)')?['body/mail']}'.\n\nAs per the check all the details are correct.\n\nPlease review, and then approve the request.\n\n\n@{outputs('Table_for_Approval_Data')}","ApprovalCreationInput/itemLink":"https://smartif-my.sharepoint.com/:l:/g/personal/gobi_smartitframe_com/FHoklctG-gtJvxrXlOWmB4oBDLsN5OeLz-j1jPIAo7DmGw?e=HrO9td","ApprovalCreationInput/enableNotifications":true,"ApprovalCreationInput/enableReassignment":true},"host":{"apiId":"/providers/Microsoft.PowerApps/apis/shared_approvals","connectionName":"shared_approvals","operationId":"CreateAnApproval"},"authentication":"@parameters('$authentication')"}},"Wait_for_an_approval":{"runAfter":{"Create_an_approval":["Succeeded"]},"type":"OpenApiConnectionWebhook","inputs":{"parameters":{"approvalName":"@outputs('Create_an_approval')?['body/name']"},"host":{"apiId":"/providers/Microsoft.PowerApps/apis/shared_approvals","connectionName":"shared_approvals","operationId":"WaitForAnApproval"},"authentication":"@parameters('$authentication')"}},"Condition_-_Check_Approval_Status":{"actions":{"Condition_-_Vendor_API":{"actions":{"Filter_array_-_Vendor":{"runAfter":{"Compose_-_VENDOR":["Succeeded"]},"type":"Query","inputs":{"from":"@outputs('Formatting_API_Response_-_Vendor')","where":"@contains(toLower(item()?['DisplayName']),toLower(variables('vendorName')))"}},"Formatting_API_Response_-_Vendor":{"type":"Compose","inputs":"@body('Fetching_Vendor_Data_from_API')?['QueryResponse/Vendor']"},"Compose_-_VENDOR":{"runAfter":{"Formatting_API_Response_-_Vendor":["Succeeded"]},"type":"Compose","inputs":"Vendor Name - @{variables('vendorName')}"}},"else":{"actions":{"Compose":{"type":"Compose","inputs":"@variables('vendorName')"}}},"expression":{"and":[{"equals":["@outputs('Fetching_Vendor_Data_from_API')?['statusCode']",200]}]},"type":"If"},"Condition_-_Customer_API":{"actions":{"Filter_array_-_Customer":{"runAfter":{"Compose_-_CUSTOMER_NAME":["Succeeded"]},"type":"Query","inputs":{"from":"@outputs('Formatting_API_Response_-_Customer')","where":"@contains(toLower(item()?['FullyQualifiedName']),toLower(variables('CustomerName')))"}},"Formatting_API_Response_-_Customer":{"type":"Compose","inputs":"@body('Fetching_Customer_Data_from_API')?['QueryResponse/Customer']"},"Compose_-_CUSTOMER_NAME":{"runAfter":{"Formatting_API_Response_-_Customer":["Succeeded"]},"type":"Compose","inputs":"Customer Name - @{variables('CustomerName')}"}},"runAfter":{"Condition_-_Vendor_API":["Succeeded"]},"else":{"actions":{"Compose_1":{"type":"Compose","inputs":"@variables('CustomerName')"}}},"expression":{"and":[{"equals":["@outputs('Fetching_Customer_Data_from_API')?['statusCode']",200]}]},"type":"If"},"Condition_-_Expense_Category":{"actions":{"Filter_array_-_Expense_Category":{"runAfter":{"Compose_-_vendor_name":["Succeeded"]},"type":"Query","inputs":{"from":"@outputs('Formatting_API_Response_-_Expense_Category')","where":"@contains(toLower(item()?['FullyQualifiedName']),toLower(variables('vendorName')))"}},"Formatting_API_Response_-_Expense_Category":{"type":"Compose","inputs":"@body('Fetching_Expense_Category_Data_from_API')?['QueryResponse/Account']"},"Compose_-_vendor_name":{"runAfter":{"Formatting_API_Response_-_Expense_Category":["Succeeded"]},"type":"Compose","inputs":"VENDOR NAME - @{variables('vendorName')}"}},"runAfter":{"Condition_-_Customer_API":["Succeeded"]},"else":{"actions":{"Compose_2":{"type":"Compose","inputs":"@variables('CustomerName')"}}},"expression":{"and":[{"equals":["@outputs('Fetching_Expense_Category_Data_from_API')?['statusCode']",200]}]},"type":"If"},"Description_for_Billing":{"runAfter":{"Condition_-_Expense_Category":["Succeeded"]},"type":"Compose","inputs":"@concat(' Candidate Name: ', variables('candidateFullNameFromPO') , ' Vendor Name: ', variables('vendorName') , ' - ' , variables('candidateDescription') , ' HOURS: ', variables('hoursInPO') , ' RATE: ', variables('rateInPO') , ' AMOUNT: ', variables('totalAmount') , ' HOLD TERMS: ', variables('paymentTermInPO') , ' LINK: ', variables('InvoiceLink'))"},"Smart_IT_PO_Bill_-_Create":{"runAfter":{"Share_Link":["Succeeded"]},"type":"OpenApiConnection","inputs":{"parameters":{"minorversion":"73","Accept":"application/json","body/DocNumber":"@variables('BillNo')","body/VendorRef/name":"@variables('vendorName')","body/VendorRef/value":"@body('Filter_array_-_Vendor')?[0]?['Id']","body/TxnDate":"@variables('invoiceReceivedAt')","body/DueDate":"@variables('DueDate')","body/PrivateNote":"@concat(variables('candidateFullNameFromPO'), ' Invoice for ', variables('MonthlyYear'))","body/Line":[{"Id":"1","Amount":"@variables('totalAmount')","Description":"@{outputs('Description_for_Billing')}","DetailType":"AccountBasedExpenseLineDetail","AccountBasedExpenseLineDetail":{"AccountRef":{"name":"@{body('Filter_array_-_Expense_Category')?[0]?['FullyQualifiedName']}","value":"@body('Filter_array_-_Expense_Category')?[0]?['Id']"},"CustomerRef":{"name":"@{body('Filter_array_-_Customer')?[0]?['FullyQualifiedName']}","value":"@body('Filter_array_-_Customer')?[0]?['Id']"}}}]},"host":{"apiId":"/providers/Microsoft.PowerApps/apis/shared_smart-20it-20bill-20create-20api-5fd45cdaffbbd8-74bf087060326842","connectionName":"shared_smart-20it-20bill-20create-20api-5fd45cdaffbbd8-74bf087060326842","operationId":"Smart-IT-PO-Bill-Create"},"authentication":"@parameters('$authentication')"}},"Condition_-_To_Check_Bill_Created_Successfully_in_Quick_Book":{"actions":{"API_Status_1":{"type":"Compose","inputs":"Quick Book API Run Successfully!! - Status - @{outputs('Smart_IT_PO_Bill_-_Create')?['statusCode']}"},"Compose_4":{"runAfter":{"API_Status_1":["Succeeded"]},"type":"Compose","inputs":"File Path - @{concat(outputs('Unprocessed_Invoice_Drive_URL'),'/',variables('invoiceFileName'))}\nDestination Path - @{concat(outputs('Processed_Invoice_Drive_URL'),'/',variables('invoiceFileName'))}"},"Move_or_rename_a_file_using_path":{"runAfter":{"Compose_4":["Succeeded"]},"type":"OpenApiConnection","inputs":{"parameters":{"source":"@concat(outputs('Unprocessed_Invoice_Drive_URL'),'/',variables('invoiceFileName'))","destination":"@concat(outputs('Processed_Invoice_Drive_URL'),'/',variables('invoiceFileName'))","overwrite":true},"host":{"apiId":"/providers/Microsoft.PowerApps/apis/shared_onedriveforbusiness","connectionName":"shared_onedriveforbusiness","operationId":"MoveFileByPath"},"authentication":"@parameters('$authentication')"}}},"runAfter":{"Smart_IT_PO_Bill_-_Create":["Succeeded"]},"else":{"actions":{"API_Status_Copy_1":{"type":"Compose","inputs":"Quick Book API Run Failed!! - Status - @{outputs('Smart_IT_PO_Bill_-_Create')?['statusCode']}"}}},"expression":{"and":[{"equals":["@outputs('Smart_IT_PO_Bill_-_Create')?['statusCode']",200]}]},"type":"If"},"Share_Link":{"runAfter":{"Description_for_Billing":["Succeeded"]},"type":"Compose","inputs":"Sharepoint Link - https://smartif.sharepoint.com/:f:/s/SmartITMonthlyInvoices/EjV_RhJ1IkpGs7PAYB6VI2EBbHVC8IfMunvuuXUYTxKIDw?e=VecNbF\n\nOld Link - https://smartif-my.sharepoint.com/:l:/g/personal/gobi_smartitframe_com/FHoklctG-gtJvxrXlOWmB4oBDLsN5OeLz-j1jPIAo7DmGw?e=HrO9td"}},"runAfter":{"Wait_for_an_approval":["Succeeded"]},"else":{"actions":{}},"expression":{"and":[{"contains":["@outputs('Wait_for_an_approval')?['body/outcome']","Approve"]}]},"type":"If"},"Send_an_email_(V2)":{"runAfter":{"Handling_Error_Array_Variable":["Succeeded"]},"type":"OpenApiConnection","inputs":{"parameters":{"emailMessage/To":"gobi@smartitframe.com","emailMessage/Subject":"Approval request for Smart IT Invoice","emailMessage/Body":"<p class=\"editor-paragraph\">Hi.,<br><br>The invoice '@{variables('invoiceFileName')}' is submitted for an Approval from '@{outputs('Get_my_profile_(V2)')?['body/displayName']}' and email '@{outputs('Get_my_profile_(V2)')?['body/mail']}'.<br><br>As per the check all the details are <b><strong class=\"editor-text-bold\">correct</strong></b>.<br><br>Please review, and then approve the request.<br><br><b><strong class=\"editor-text-bold\">Here is the review link for an invoice. To know more kindly check the link,</strong></b><br><br><a href=\"https://smartif-my.sharepoint.com/:l:/g/personal/gobi_smartitframe_com/FHoklctG-gtJvxrXlOWmB4oBDLsN5OeLz-j1jPIAo7DmGw?e=HrO9td\" class=\"editor-link\">Click here to know more</a><br><br>@{outputs('Data_in_Table_Format')}</p>","emailMessage/Importance":"Normal"},"host":{"apiId":"/providers/Microsoft.PowerApps/apis/shared_office365","connectionName":"shared_office365","operationId":"SendEmailV2"},"authentication":"@parameters('$authentication')"}},"Handling_Error_Array_Variable":{"runAfter":{"Data_in_Table_Format":["Succeeded"]},"type":"Compose","inputs":"@variables('Errors')"}},"runAfter":{"Loop_-_Candidate_Filter_Array":["Succeeded"]},"else":{"actions":{}},"expression":{"and":[{"equals":["@variables('checkPayRate')",true]},{"equals":["@variables('checkPaymentTerm')",true]},{"equals":["@variables('checkCandidateName')",true]}]},"type":"If"}}},"expression":{"and":[{"equals":["@empty(body('Filter_array_-_Candidate_Data'))",true]}]},"type":"If"}}},"Case_-_excel":{"case":"application/vnd.openxmlformats-officedocument.spreadsheetml.sheet","actions":{"Save_worksheets_in_folder":{"type":"OpenApiConnection","inputs":{"parameters":{"folderPath":"/SmartIT - Excel Invoice","name":"@item()?['name']","body":"@item()?['contentBytes']"},"host":{"apiId":"/providers/Microsoft.PowerApps/apis/shared_onedriveforbusiness","connectionName":"shared_onedriveforbusiness","operationId":"CreateFile"},"authentication":"@parameters('$authentication')"},"runtimeConfiguration":{"contentTransfer":{"transferMode":"Chunked"}}}}}},"default":{"actions":{"Attachment_Type":{"type":"Compose","inputs":"The attachment type is : @{item()?['contentType']}"}}},"expression":"@item()?['contentType']","type":"Switch"}},"else":{"actions":{"Condition_-_Attachment_Empty_Check":{"actions":{"Attachment_is_Empty":{"type":"Compose","inputs":"The email does not contain any attachments"}},"else":{"actions":{"Attachment_is_invalid":{"type":"Compose","inputs":"Given Attachment type is Invalid"}}},"expression":{"and":[{"equals":["@length(triggerOutputs()?['body/attachments'])",0]}]},"type":"If"}}},"expression":{"or":[{"equals":["@item()?['contentType']","@variables('PDF')"]},{"equals":["@item()?['contentType']","@variables('Excel')"]},{"and":[{"equals":["@item()?['isInline']",false]}]}]},"type":"If"}},"runAfter":{"Error_Array":["Succeeded"]},"type":"Foreach"},"Init_-_Candidate_Description":{"runAfter":{"Init_-_Candidate_Full_Name_from_PO":["Succeeded"]},"type":"InitializeVariable","inputs":{"variables":[{"name":"candidateDescription","type":"string"}]}},"Init_-_Candidate_Full_Name":{"runAfter":{"Init_-_Candidate_Name":["Succeeded"]},"type":"InitializeVariable","inputs":{"variables":[{"name":"candidateFullName","type":"string"}]}},"Init_-_Invoice_File_Name":{"runAfter":{"Init_-_Sender_Email":["Succeeded"]},"type":"InitializeVariable","inputs":{"variables":[{"name":"invoiceFileName","type":"string"}]}},"Init_-_Hours_from_PO":{"runAfter":{"Init_-_Total_Amount":["Succeeded"]},"type":"InitializeVariable","inputs":{"variables":[{"name":"hoursInPO","type":"float"}]}},"Init_-_Rate_from_PO":{"runAfter":{"Init_-_Hours_from_PO":["Succeeded"]},"type":"InitializeVariable","inputs":{"variables":[{"name":"rateInPO","type":"float"}]}},"Init_-_Payment_Term_in_PO":{"runAfter":{"Init_-_Due_Date":["Succeeded"]},"type":"InitializeVariable","inputs":{"variables":[{"name":"paymentTermInPO","type":"float"}]}},"Init_-_Hours_from_Invoice":{"runAfter":{"Init_-_Payment_Term_in_PO":["Succeeded"]},"type":"InitializeVariable","inputs":{"variables":[{"name":"hoursFromInvoice","type":"float"}]}},"Init_-_Rate_from_Invoice":{"runAfter":{"Init_-_Hours_from_Invoice":["Succeeded"]},"type":"InitializeVariable","inputs":{"variables":[{"name":"rateFromInvoice","type":"float"}]}},"Init_-_Total_Amount":{"runAfter":{"Init_-_Pay_Rate":["Succeeded"]},"type":"InitializeVariable","inputs":{"variables":[{"name":"totalAmount","type":"float"}]}},"Init_-_Bill_Number":{"runAfter":{"Init_-_Rate_from_Invoice":["Succeeded"]},"type":"InitializeVariable","inputs":{"variables":[{"name":"BillNo","type":"string"}]}},"Init_-_Client_Name":{"runAfter":{"Init_-_Bill_Number":["Succeeded"]},"type":"InitializeVariable","inputs":{"variables":[{"name":"ClientName","type":"string"}]}},"Init_-_MonthlyYear":{"runAfter":{"Init_-_Client_Name":["Succeeded"]},"type":"InitializeVariable","inputs":{"variables":[{"name":"MonthlyYear","type":"string"}]}},"Fetching_Vendor_Data_from_API":{"runAfter":{"Init_-_Invoice_Link":["Succeeded"]},"type":"OpenApiConnection","inputs":{"parameters":{"minorversion":"73","User-Agent":"{{UserAgent}}","Accept":"application/json","Content-Type":"application/text","body":"Select * from Vendor startposition 1 maxresults 500"},"host":{"apiId":"/providers/Microsoft.PowerApps/apis/shared_smart-20it-20-2d-20fetch-20vendor-5fd45cdaffbbd-48263a9a40b7e4e3","connectionName":"shared_smart-20it-20-2d-20fetch-20vendor-5fd45cdaffbbd-48263a9a40b7e4e3","operationId":"Vendor-ReadAll"},"authentication":"@parameters('$authentication')"}},"Fetching_Customer_Data_from_API":{"runAfter":{"Fetching_Vendor_Data_from_API":["Succeeded"]},"type":"OpenApiConnection","inputs":{"parameters":{"minorversion":"73","User-Agent":"{{UserAgent}}","Accept":"application/json","Content-Type":"application/text","body":"Select * from Customer startposition 1 maxresults 500"},"host":{"apiId":"/providers/Microsoft.PowerApps/apis/shared_smart-20it-20-2d-20fetch-20customer-5fd45cdaffb-71cf5b94eed5e281","connectionName":"shared_smart-20it-20-2d-20fetch-20customer-5fd45cdaffb-71cf5b94eed5e281","operationId":"Customer-ReadAll"},"authentication":"@parameters('$authentication')"}},"Fetching_Expense_Category_Data_from_API":{"runAfter":{"Fetching_Customer_Data_from_API":["Succeeded"]},"type":"OpenApiConnection","inputs":{"parameters":{"minorversion":"73","User-Agent":"{{UserAgent}}","Accept":"application/json","Content-Type":"application/text","body":"Select * from Account STARTPOSITION 1 MAXRESULTS 500"},"host":{"apiId":"/providers/Microsoft.PowerApps/apis/shared_smart-20it-20-2d-20fetch-20expense-5fd45cdaffbb-9d4e983a150a06ca","connectionName":"shared_smart-20it-20-2d-20fetch-20expense-5fd45cdaffbb-9d4e983a150a06ca","operationId":"Account-ReadAll"},"authentication":"@parameters('$authentication')"}},"Init_-_Customer_Name":{"runAfter":{"Init_-_MonthlyYear":["Succeeded"]},"type":"InitializeVariable","inputs":{"variables":[{"name":"CustomerName","type":"string"}]}},"Init_-_Due_Date":{"runAfter":{"Init_-_Rate_from_PO":["Succeeded"]},"type":"InitializeVariable","inputs":{"variables":[{"name":"DueDate","type":"string"}]}},"Root_Directory_URL":{"runAfter":{"Fetching_Expense_Category_Data_from_API":["Succeeded"]},"type":"Compose","inputs":"/SmartIT - Invoices/2025/May-05/Un-Processed-Invoices"},"Get_Current_Year":{"runAfter":{"Root_Directory_URL":["Succeeded"]},"type":"Compose","inputs":"@formatDateTime(utcNow(), 'yyyy')"},"Get_Current_Month":{"runAfter":{"Get_Current_Year":["Succeeded"]},"type":"Compose","inputs":"@concat(formatDateTime(utcNow(), 'MM'))"},"Unprocessed_Invoice_Drive_URL":{"runAfter":{"Get_Current_Month":["Succeeded"]},"type":"Compose","inputs":"@concat('/SmartIT - Invoices/',outputs('Get_Current_Year'),'/',outputs('Get_Current_Month'),'/Un-Processed-Invoices')"},"PO_File_Root_Directory":{"runAfter":{"PO_Excel_File_Name":["Succeeded"]},"type":"Compose","inputs":"@concat('/SmartIT - Excel Invoice/',outputs('PO_Excel_File_Name'))"},"PO_Excel_File_Name":{"runAfter":{"Processed_Invoice_Drive_URL":["Succeeded"]},"type":"Compose","inputs":"Backup Invoice Vendor Details-1.xlsx"},"Error_Array":{"runAfter":{"PO_File_Root_Directory":["Succeeded"]},"type":"InitializeVariable","inputs":{"variables":[{"name":"Errors","type":"array"}]}},"Processed_Invoice_Drive_URL":{"runAfter":{"Unprocessed_Invoice_Drive_URL":["Succeeded"]},"type":"Compose","inputs":"@concat('/SmartIT - Invoices/',outputs('Get_Current_Year'),'/',outputs('Get_Current_Month'),'/Processed-Invoices')"},"Init_-_Invoice_Link":{"runAfter":{"Init_-_Customer_Name":["Succeeded"]},"type":"InitializeVariable","inputs":{"variables":[{"name":"InvoiceLink","type":"string"}]}},"Init_-_Candidate_Full_Name_from_PO":{"runAfter":{"Init_-_Candidate_Full_Name":["Succeeded"]},"type":"InitializeVariable","inputs":{"variables":[{"name":"candidateFullNameFromPO","type":"string"}]}}},"outputs":{}},"connectionReferences":{"shared_office365":{"connectionName":"shared-office365-b879ddab-24ba-48fe-970b-e8a84cd77aec","source":"Embedded","id":"/providers/Microsoft.PowerApps/apis/shared_office365","tier":"NotSpecified","apiName":"office365","isProcessSimpleApiReferenceConversionAlreadyDone":false},"shared_commondataserviceforapps":{"connectionName":"shared-commondataser-28f93b4b-4bf2-4751-885d-521f546ce40b","source":"Embedded","id":"/providers/Microsoft.PowerApps/apis/shared_commondataserviceforapps","tier":"NotSpecified","apiName":"commondataserviceforapps","isProcessSimpleApiReferenceConversionAlreadyDone":false},"shared_excelonlinebusiness":{"connectionName":"shared-excelonlinebu-33daf544-136b-4134-b744-8a7ef0ca8e9e","source":"Embedded","id":"/providers/Microsoft.PowerApps/apis/shared_excelonlinebusiness","tier":"NotSpecified","apiName":"excelonlinebusiness","isProcessSimpleApiReferenceConversionAlreadyDone":false},"shared_sharepointonline":{"connectionName":"shared-sharepointonl-a01c4319-b1c8-49b7-aaee-ad0cdda796e7","source":"Embedded","id":"/providers/Microsoft.PowerApps/apis/shared_sharepointonline","tier":"NotSpecified","apiName":"sharepointonline","isProcessSimpleApiReferenceConversionAlreadyDone":false},"shared_onedriveforbusiness":{"connectionName":"shared-onedriveforbu-00654cb1-6e7c-4a40-ab91-bd92e89712c4","source":"Embedded","id":"/providers/Microsoft.PowerApps/apis/shared_onedriveforbusiness","tier":"NotSpecified","apiName":"onedriveforbusiness","isProcessSimpleApiReferenceConversionAlreadyDone":false},"shared_office365users":{"connectionName":"shared-office365user-48465058-41c1-458f-af69-1a206460fdcc","source":"Embedded","id":"/providers/Microsoft.PowerApps/apis/shared_office365users","tier":"NotSpecified","apiName":"office365users","isProcessSimpleApiReferenceConversionAlreadyDone":false},"shared_approvals":{"connectionName":"shared-approvals-f15fbc17-4012-45bb-9d2f-57540f9a08da","source":"Embedded","id":"/providers/Microsoft.PowerApps/apis/shared_approvals","tier":"NotSpecified","apiName":"approvals","isProcessSimpleApiReferenceConversionAlreadyDone":false},"shared_smart-20it-20bill-20create-20api-5fd45cdaffbbd8-74bf087060326842":{"connectionName":"b5b4fa65-9b64-4260-baec-0c9783cb74e5","source":"Embedded","id":"/providers/Microsoft.PowerApps/apis/shared_smart-20it-20bill-20create-20api-5fd45cdaffbbd8-74bf087060326842","tier":"NotSpecified","apiName":"smart-20it-20bill-20create-20api-5fd45cdaffbbd8-74bf087060326842","isProcessSimpleApiReferenceConversionAlreadyDone":false},"shared_smart-20it-20-2d-20fetch-20vendor-5fd45cdaffbbd-48263a9a40b7e4e3":{"connectionName":"abec6a74-4b70-43cf-97f1-3e720b276eee","source":"Embedded","id":"/providers/Microsoft.PowerApps/apis/shared_smart-20it-20-2d-20fetch-20vendor-5fd45cdaffbbd-48263a9a40b7e4e3","tier":"NotSpecified","apiName":"smart-20it-20-2d-20fetch-20vendor-5fd45cdaffbbd-48263a9a40b7e4e3","isProcessSimpleApiReferenceConversionAlreadyDone":false},"shared_smart-20it-20-2d-20fetch-20customer-5fd45cdaffb-71cf5b94eed5e281":{"connectionName":"b5258ee2-bfa3-4226-984f-b88d606dec3b","source":"Embedded","id":"/providers/Microsoft.PowerApps/apis/shared_smart-20it-20-2d-20fetch-20customer-5fd45cdaffb-71cf5b94eed5e281","tier":"NotSpecified","apiName":"smart-20it-20-2d-20fetch-20customer-5fd45cdaffb-71cf5b94eed5e281","isProcessSimpleApiReferenceConversionAlreadyDone":false},"shared_smart-20it-20-2d-20fetch-20expense-5fd45cdaffbb-9d4e983a150a06ca":{"connectionName":"baa1bf3d-b2b0-4756-804f-45b664f35d4a","source":"Embedded","id":"/providers/Microsoft.PowerApps/apis/shared_smart-20it-20-2d-20fetch-20expense-5fd45cdaffbb-9d4e983a150a06ca","tier":"NotSpecified","apiName":"smart-20it-20-2d-20fetch-20expense-5fd45cdaffbb-9d4e983a150a06ca","isProcessSimpleApiReferenceConversionAlreadyDone":false}},"flowFailureAlertSubscribed":false,"isManaged":false}}